location_name,FIPS Code,Penetration
Autauga,1,44.90%
Baldwin,3,44.06%
Barbour,5,43.58%
Bibb,7,49.70%
Blount,9,51.71%
Bullock,11,43.88%
Butler,13,32.63%
Calhoun,15,30.96%
Chambers,17,37.72%
Cherokee,19,36.58%
Chilton,21,55.47%
Choctaw,23,26.75%
Clarke,25,46.67%
Clay,27,36.34%
Cleburne,29,26.44%
Coffee,31,29.58%
Colbert,33,31.68%
Conecuh,35,29.15%
Coosa,37,38.62%
Covington,39,27.73%
Crenshaw,41,37.57%
Cullman,43,40.07%
Dale,45,29.97%
Dallas,47,44.52%
DeKalb,49,32.83%
Elmore,51,42.21%
Escambia,53,40.00%
Etowah,55,43.03%
Fayette,57,27.31%
Franklin,59,24.07%
Geneva,61,31.64%
Greene,63,33.68%
Hale,65,28.36%
Henry,67,42.73%
Houston,69,37.77%
Jackson,71,32.06%
Jefferson,73,52.06%
Lamar,75,21.29%
Lauderdale,77,32.33%
Lawrence,79,36.65%
Lee,81,36.97%
Limestone,83,33.41%
Lowndes,85,56.30%
Macon,87,44.13%
Madison,89,30.16%
Marengo,91,30.80%
Marion,93,24.14%
Marshall,95,30.51%
Mobile,97,55.93%
Monroe,99,41.78%
Montgomery,101,46.84%
Morgan,103,31.89%
Perry,105,39.89%
Pickens,107,26.71%
Pike,109,40.51%
Randolph,111,33.03%
Russell,113,35.88%
St. Clair,115,50.76%
Shelby,117,44.82%
Sumter,119,29.86%
Talladega,121,45.73%
Tallapoosa,123,40.22%
Tuscaloosa,125,41.14%
Walker,127,50.27%
Washington,129,33.59%
Wilcox,131,30.83%
Winston,133,34.03%
Pending County Designation,,
Aleutians East,13,
Aleutians West,16,
Anchorage,20,1.20%
Bethel,50,
Bristol Bay,60,
Denali,68,
Dillingham,70,
Fairbanks North Star,90,0.52%
Haines,100,
Juneau,110,0.47%
Kenai Peninsula,122,2.12%
Ketchikan Gateway,130,0.74%
Kodiak Island,150,0.75%
Lake and Peninsula,164,
Matanuska-Susitna,170,1.54%
Nome,180,
North Slope,185,
Northwest Arctic,188,
Prince of Wales-Outer Ketchikan,201,
Sitka,220,
Skagway-Hoonah-Angoon,232,
Southeast Fairbanks,240,0.95%
Valdez-Cordova,261,0.77%
Wrangell-Petersburg,280,
Yakutat,282,
Yukon-Koyukuk,290,
Pending County Designation,,
Apache,1,7.92%
Cochise,3,28.85%
Coconino,5,14.57%
Gila,7,18.92%
Graham,9,37.65%
Greenlee,11,15.66%
La Paz,12,19.20%
Maricopa,13,42.02%
Mohave,15,30.56%
Navajo,17,18.72%
Pima,19,46.74%
Pinal,21,38.89%
Santa Cruz,23,49.95%
Yavapai,25,28.28%
Yuma,27,25.79%
Pending County Designation,,
Arkansas,1,17.36%
Ashley,3,15.65%
Baxter,5,29.65%
Benton,7,34.98%
Boone,9,27.12%
Bradley,11,16.71%
Calhoun,13,21.83%
Carroll,15,33.41%
Chicot,17,23.59%
Clark,19,25.94%
Clay,21,18.65%
Cleburne,23,19.79%
Cleveland,25,19.20%
Columbia,27,17.43%
Conway,29,23.61%
Craighead,31,23.13%
Crawford,33,38.60%
Crittenden,35,25.74%
Cross,37,25.83%
Dallas,39,28.07%
Desha,41,21.49%
Drew,43,19.00%
Faulkner,45,18.97%
Franklin,47,32.53%
Fulton,49,25.06%
Garland,51,27.99%
Grant,53,20.05%
Greene,55,25.06%
Hempstead,57,25.46%
Hot Spring,59,25.92%
Howard,61,19.56%
Independence,63,17.13%
Izard,65,21.61%
Jackson,67,21.19%
Jefferson,69,28.52%
Johnson,71,30.55%
Lafayette,73,17.92%
Lawrence,75,26.62%
Lee,77,33.45%
Lincoln,79,20.88%
Little River,81,23.27%
Logan,83,29.76%
Lonoke,85,23.51%
Madison,87,37.47%
Marion,89,30.81%
Miller,91,22.80%
Mississippi,93,29.47%
Monroe,95,24.72%
Montgomery,97,23.02%
Nevada,99,24.19%
Newton,101,24.70%
Ouachita,103,30.39%
Perry,105,22.74%
Phillips,107,30.01%
Pike,109,20.94%
Poinsett,111,31.18%
Polk,113,20.13%
Pope,115,26.85%
Prairie,117,20.78%
Pulaski,119,24.95%
Randolph,121,28.28%
St. Francis,123,29.41%
Saline,125,22.82%
Scott,127,30.55%
Searcy,129,26.83%
Sebastian,131,33.54%
Sevier,133,18.30%
Sharp,135,21.83%
Stone,137,18.56%
Union,139,21.10%
Van Buren,141,24.41%
Washington,143,27.67%
White,145,21.85%
Woodruff,147,23.78%
Yell,149,24.51%
Pending County Designation,,
Alameda,1,40.68%
Alpine,3,
Amador,5,19.36%
Butte,7,4.34%
Calaveras,9,4.81%
Colusa,11,3.92%
Contra Costa,13,44.49%
Del Norte,15,1.65%
El Dorado,17,31.52%
Fresno,19,33.27%
Glenn,21,3.58%
Humboldt,23,3.22%
Imperial,25,20.91%
Inyo,27,2.92%
Kern,29,37.74%
Kings,31,21.16%
Lake,33,3.38%
Lassen,35,1.54%
Los Angeles,37,48.27%
Madera,39,32.93%
Marin,41,37.95%
Mariposa,43,5.49%
Mendocino,45,7.09%
Merced,47,12.07%
Modoc,49,1.74%
Mono,51,2.91%
Monterey,53,8.93%
Napa,55,35.63%
Nevada,57,14.07%
Orange,59,48.65%
Placer,61,45.39%
Plumas,63,3.75%
Riverside,65,53.34%
Sacramento,67,47.46%
San Benito,69,10.89%
San Bernardino,71,55.73%
San Diego,73,45.96%
San Francisco,75,38.92%
San Joaquin,77,39.74%
San Luis Obispo,79,15.85%
San Mateo,81,42.48%
Santa Barbara,83,13.87%
Santa Clara,85,41.76%
Santa Cruz,87,11.44%
Shasta,89,3.66%
Sierra,91,3.13%
Siskiyou,93,1.54%
Solano,95,41.29%
Sonoma,97,43.82%
Stanislaus,99,45.09%
Sutter,101,4.15%
Tehama,103,3.58%
Trinity,105,1.87%
Tulare,107,20.81%
Tuolumne,109,4.20%
Ventura,111,33.49%
Yolo,113,36.80%
Yuba,115,8.61%
Pending County Designation,,
Adams,1,48.97%
Alamosa,3,24.36%
Arapahoe,5,42.45%
Archuleta,7,16.28%
Baca,9,4.73%
Bent,11,4.59%
Boulder,13,39.12%
Broomfield,14,43.23%
Chaffee,15,21.02%
Cheyenne,17,9.15%
Clear Creek,19,33.10%
Conejos,21,28.10%
Costilla,23,23.26%
Crowley,25,18.47%
Custer,27,20.76%
Delta,29,27.14%
Denver,31,46.64%
Dolores,33,10.30%
Douglas,35,40.12%
Eagle,37,6.90%
Elbert,39,30.94%
El Paso,41,34.84%
Fremont,43,38.22%
Garfield,45,10.75%
Gilpin,47,30.47%
Grand,49,16.02%
Gunnison,51,10.36%
Hinsdale,53,9.93%
Huerfano,55,20.80%
Jackson,57,8.78%
Jefferson,59,51.15%
Kiowa,61,5.21%
Kit Carson,63,8.22%
Lake,65,10.97%
La Plata,67,16.32%
Larimer,69,36.80%
Las Animas,71,23.71%
Lincoln,73,8.30%
Logan,75,19.57%
Mesa,77,33.48%
Mineral,79,15.16%
Moffat,81,8.27%
Montezuma,83,17.44%
Montrose,85,25.54%
Morgan,87,16.09%
Otero,89,22.49%
Ouray,91,12.86%
Park,93,21.32%
Phillips,95,6.62%
Pitkin,97,5.13%
Prowers,99,7.28%
Pueblo,101,44.65%
Rio Blanco,103,14.51%
Rio Grande,105,17.76%
Routt,107,10.46%
Saguache,109,12.85%
San Juan,111,5.53%
San Miguel,113,9.13%
Sedgwick,115,6.61%
Summit,117,12.13%
Teller,119,32.57%
Washington,121,5.87%
Weld,123,38.85%
Yuma,125,6.26%
Pending County Designation,,
Fairfield,1,31.54%
Hartford,3,47.27%
Litchfield,5,36.66%
Middlesex,7,44.59%
New Haven,9,42.84%
New London,11,34.53%
Tolland,13,47.26%
Windham,15,40.00%
Pending County Designation,,
Kent,1,16.24%
New Castle,3,19.02%
Sussex,5,13.79%
Pending County Designation,,
District of Columbia,1,19.47%
Pending County Designation,,
Alachua,1,25.23%
Baker,3,29.50%
Bay,5,24.36%
Bradford,7,32.09%
Brevard,9,39.21%
Broward,11,52.74%
Calhoun,13,37.50%
Charlotte,15,35.65%
Citrus,17,39.19%
Clay,19,27.75%
Collier,21,25.80%
Columbia,23,31.08%
DeSoto,27,32.25%
Dixie,29,35.27%
Duval,31,38.57%
Escambia,33,33.62%
Flagler,35,41.58%
Franklin,37,33.08%
Gadsden,39,53.79%
Gilchrist,41,28.82%
Glades,43,34.14%
Gulf,45,24.89%
Hamilton,47,28.81%
Hardee,49,34.91%
Hendry,51,31.63%
Hernando,53,52.07%
Highlands,55,36.97%
Hillsborough,57,48.16%
Holmes,59,26.68%
Indian River,61,28.74%
Jackson,63,29.02%
Jefferson,65,45.84%
Lafayette,67,25.99%
Lake,69,38.63%
Lee,71,34.81%
Leon,73,47.44%
Levy,75,34.59%
Liberty,77,45.05%
Madison,79,32.24%
Manatee,81,35.84%
Marion,83,44.84%
Martin,85,28.68%
Miami-Dade,86,66.69%
Monroe,87,11.19%
Nassau,89,30.35%
Okaloosa,91,19.40%
Okeechobee,93,37.80%
Orange,95,45.99%
Osceola,97,53.82%
Palm Beach,99,37.93%
Pasco,101,52.30%
Pinellas,103,47.21%
Polk,105,51.17%
Putnam,107,37.77%
St. Johns,109,28.18%
St. Lucie,111,40.75%
Santa Rosa,113,31.77%
Sarasota,115,30.24%
Seminole,117,40.55%
Sumter,119,40.38%
Suwannee,121,29.32%
Taylor,123,28.45%
Union,125,28.76%
Volusia,127,48.21%
Wakulla,129,48.63%
Walton,131,27.61%
Washington,133,28.47%
Pending County Designation,,
Appling,1,36.87%
Atkinson,3,39.39%
Bacon,5,35.02%
Baker,7,44.28%
Baldwin,9,44.88%
Banks,11,34.82%
Barrow,13,37.20%
Bartow,15,37.18%
Ben Hill,17,41.19%
Berrien,19,32.38%
Bibb,21,40.26%
Bleckley,23,26.64%
Brantley,25,32.28%
Brooks,27,35.00%
Bryan,29,34.49%
Bulloch,31,34.38%
Burke,33,43.13%
Butts,35,44.17%
Calhoun,37,36.95%
Camden,39,27.12%
Candler,43,39.70%
Carroll,45,38.06%
Catoosa,47,32.26%
Charlton,49,31.74%
Chatham,51,39.25%
Chattahoochee,53,36.71%
Chattooga,55,41.27%
Cherokee,57,35.66%
Clarke,59,33.72%
Clay,61,38.61%
Clayton,63,45.43%
Clinch,65,36.82%
Cobb,67,34.51%
Coffee,69,37.25%
Colquitt,71,35.02%
Columbia,73,29.31%
Cook,75,34.48%
Coweta,77,37.65%
Crawford,79,40.99%
Crisp,81,41.56%
Dade,83,33.60%
Dawson,85,32.21%
Decatur,87,34.83%
DeKalb,89,43.20%
Dodge,91,33.86%
Dooly,93,36.51%
Dougherty,95,40.62%
Douglas,97,40.12%
Early,99,37.80%
Echols,101,33.22%
Effingham,103,36.03%
Elbert,105,39.26%
Emanuel,107,40.23%
Evans,109,38.85%
Fannin,111,28.50%
Fayette,113,33.00%
Floyd,115,33.95%
Forsyth,117,34.89%
Franklin,119,35.56%
Fulton,121,38.92%
Gilmer,123,28.41%
Glascock,125,30.10%
Glynn,127,30.55%
Gordon,129,31.14%
Grady,131,36.13%
Greene,133,31.74%
Gwinnett,135,40.30%
Habersham,137,37.31%
Hall,139,33.36%
Hancock,141,45.86%
Haralson,143,38.30%
Harris,145,30.47%
Hart,147,32.98%
Heard,149,39.09%
Henry,151,41.76%
Houston,153,25.82%
Irwin,155,34.49%
Jackson,157,35.06%
Jasper,159,38.23%
Jeff Davis,161,32.89%
Jefferson,163,41.42%
Jenkins,165,43.45%
Johnson,167,40.66%
Jones,169,41.30%
Lamar,171,41.59%
Lanier,173,29.10%
Laurens,175,36.47%
Lee,177,32.25%
Liberty,179,30.02%
Lincoln,181,37.72%
Long,183,28.09%
Lowndes,185,27.59%
Lumpkin,187,30.86%
McDuffie,189,48.68%
McIntosh,191,39.84%
Macon,193,43.39%
Madison,195,36.84%
Marion,197,38.70%
Meriwether,199,46.14%
Miller,201,31.04%
Mitchell,205,41.08%
Monroe,207,35.32%
Montgomery,209,35.75%
Morgan,211,39.37%
Murray,213,25.98%
Muscogee,215,36.01%
Newton,217,43.60%
Oconee,219,28.86%
Oglethorpe,221,36.82%
Paulding,223,37.05%
Peach,225,32.36%
Pickens,227,31.78%
Pierce,229,32.53%
Pike,231,36.99%
Polk,233,37.34%
Pulaski,235,32.19%
Putnam,237,35.04%
Quitman,239,38.12%
Rabun,241,26.88%
Randolph,243,42.99%
Richmond,245,39.92%
Rockdale,247,43.15%
Schley,249,39.56%
Screven,251,43.18%
Seminole,253,31.15%
Spalding,255,42.68%
Stephens,257,33.79%
Stewart,259,49.23%
Sumter,261,43.82%
Talbot,263,45.89%
Taliaferro,265,45.13%
Tattnall,267,38.32%
Taylor,269,40.99%
Telfair,271,35.69%
Terrell,273,44.54%
Thomas,275,35.73%
Tift,277,37.80%
Toombs,279,34.26%
Towns,281,30.59%
Treutlen,283,43.14%
Troup,285,36.50%
Turner,287,45.51%
Twiggs,289,42.25%
Union,291,30.80%
Upson,293,45.28%
Walker,295,33.41%
Walton,297,39.22%
Ware,299,34.50%
Warren,301,43.88%
Washington,303,44.15%
Wayne,305,35.10%
Webster,307,41.55%
Wheeler,309,38.54%
White,311,37.04%
Whitfield,313,21.74%
Wilcox,315,35.91%
Wilkes,317,37.68%
Wilkinson,319,37.49%
Worth,321,37.59%
Pending County Designation,,
Hawaii,1,32.99%
Honolulu,3,47.49%
Kalawao,5,
Kauai,7,38.85%
Maui,9,47.43%
Pending County Designation,,
Ada,1,47.20%
Adams,3,19.54%
Bannock,5,33.03%
Bear Lake,7,2.66%
Benewah,9,1.42%
Bingham,11,24.83%
Blaine,13,16.45%
Boise,15,37.22%
Bonner,17,30.01%
Bonneville,19,25.93%
Boundary,21,26.43%
Butte,23,
Camas,25,16.61%
Canyon,27,49.87%
Caribou,29,1.99%
Cassia,31,20.69%
Clark,33,24.83%
Clearwater,35,1.50%
Custer,37,0.99%
Elmore,39,22.80%
Franklin,41,14.09%
Fremont,43,18.13%
Gem,45,45.49%
Gooding,47,24.10%
Idaho,49,1.37%
Jefferson,51,21.66%
Jerome,53,30.48%
Kootenai,55,31.28%
Latah,57,11.59%
Lemhi,59,1.38%
Lewis,61,1.09%
Lincoln,63,16.67%
Madison,65,22.16%
Minidoka,67,25.12%
Nez Perce,69,22.67%
Oneida,71,
Owyhee,73,36.45%
Payette,75,39.18%
Power,77,21.95%
Shoshone,79,5.50%
Teton,81,2.80%
Twin Falls,83,35.02%
Valley,85,26.36%
Washington,87,27.31%
Pending County Designation,,
Adams,1,16.76%
Alexander,3,10.67%
Bond,5,21.19%
Boone,7,30.70%
Brown,9,19.74%
Bureau,11,16.76%
Calhoun,13,18.68%
Carroll,15,26.26%
Cass,17,20.86%
Champaign,19,45.37%
Christian,21,24.71%
Clark,23,21.68%
Clay,25,9.08%
Clinton,27,19.52%
Coles,29,21.53%
Cook,31,29.91%
Crawford,33,11.65%
Cumberland,35,22.45%
DeKalb,37,23.11%
De Witt,39,26.08%
Douglas,41,31.68%
DuPage,43,23.63%
Edgar,45,18.75%
Edwards,47,9.10%
Effingham,49,12.82%
Fayette,51,14.23%
Ford,53,23.65%
Franklin,55,21.14%
Fulton,57,24.86%
Gallatin,59,13.82%
Greene,61,16.02%
Grundy,63,11.69%
Hamilton,65,12.59%
Hancock,67,14.27%
Hardin,69,12.55%
Henderson,71,16.83%
Henry,73,29.52%
Iroquois,75,15.53%
Jackson,77,25.08%
Jasper,79,14.98%
Jefferson,81,14.44%
Jersey,83,23.67%
Jo Daviess,85,46.85%
Johnson,87,23.29%
Kane,89,25.31%
Kankakee,91,22.30%
Kendall,93,20.70%
Knox,95,32.78%
Lake,97,18.02%
La Salle,99,15.05%
Lawrence,101,9.77%
Lee,103,19.65%
Livingston,105,23.33%
Logan,107,28.21%
McDonough,109,25.97%
McHenry,111,17.52%
McLean,113,30.85%
Macon,115,19.65%
Macoupin,117,19.14%
Madison,119,37.01%
Marion,121,11.20%
Marshall,123,20.14%
Mason,125,16.94%
Massac,127,9.96%
Menard,129,32.90%
Mercer,131,32.20%
Monroe,133,39.77%
Montgomery,135,17.15%
Morgan,137,22.49%
Moultrie,139,15.48%
Ogle,141,27.42%
Peoria,143,33.98%
Perry,145,24.07%
Piatt,147,39.75%
Pike,149,14.92%
Pope,151,18.17%
Pulaski,153,12.44%
Putnam,155,21.47%
Randolph,157,27.45%
Richland,159,13.67%
Rock Island,161,39.65%
St. Clair,163,37.42%
Saline,165,17.60%
Sangamon,167,39.01%
Schuyler,169,19.48%
Scott,171,19.76%
Shelby,173,12.51%
Stark,175,24.33%
Stephenson,177,41.76%
Tazewell,179,29.48%
Union,181,22.91%
Vermilion,183,39.51%
Wabash,185,12.10%
Warren,187,22.13%
Washington,189,16.69%
Wayne,191,8.55%
White,193,11.98%
Whiteside,195,20.73%
Will,197,25.22%
Williamson,199,20.01%
Winnebago,201,37.34%
Woodford,203,22.77%
Pending County Designation,,
Adams,1,34.18%
Allen,3,49.26%
Bartholomew,5,23.61%
Benton,7,20.73%
Blackford,9,29.08%
Boone,11,29.32%
Brown,13,31.84%
Carroll,15,25.16%
Cass,17,28.93%
Clark,19,27.81%
Clay,21,24.05%
Clinton,23,30.28%
Crawford,25,24.02%
Daviess,27,14.87%
Dearborn,29,26.91%
Decatur,31,27.54%
De Kalb,33,47.40%
Delaware,35,30.15%
Dubois,37,13.85%
Elkhart,39,34.20%
Fayette,41,20.31%
Floyd,43,24.93%
Fountain,45,23.73%
Franklin,47,25.61%
Fulton,49,36.38%
Gibson,51,29.41%
Grant,53,30.49%
Greene,55,21.62%
Hamilton,57,30.11%
Hancock,59,35.08%
Harrison,61,23.52%
Hendricks,63,34.71%
Henry,65,34.75%
Howard,67,30.77%
Huntington,69,47.27%
Jackson,71,33.55%
Jasper,73,21.85%
Jay,75,29.54%
Jefferson,77,23.39%
Jennings,79,29.99%
Johnson,81,32.33%
Knox,83,18.11%
Kosciusko,85,43.22%
Lagrange,87,35.64%
Lake,89,30.72%
La Porte,91,24.31%
Lawrence,93,27.09%
Madison,95,41.18%
Marion,97,37.12%
Marshall,99,40.33%
Martin,101,14.27%
Miami,103,28.22%
Monroe,105,24.52%
Montgomery,107,32.59%
Morgan,109,33.63%
Newton,111,21.84%
Noble,113,45.93%
Ohio,115,28.54%
Orange,117,25.81%
Owen,119,28.64%
Parke,121,26.64%
Perry,123,21.41%
Pike,125,28.70%
Porter,127,27.80%
Posey,129,27.68%
Pulaski,131,22.72%
Putnam,133,31.39%
Randolph,135,21.04%
Ripley,137,25.18%
Rush,139,25.53%
St. Joseph,141,37.08%
Scott,143,27.31%
Shelby,145,34.49%
Spencer,147,21.83%
Starke,149,27.93%
Steuben,151,43.86%
Sullivan,153,24.04%
Switzerland,155,25.18%
Tippecanoe,157,25.68%
Tipton,159,30.44%
Union,161,21.98%
Vanderburgh,163,31.46%
Vermillion,165,20.41%
Vigo,167,23.35%
Wabash,169,41.45%
Warren,171,19.48%
Warrick,173,28.17%
Washington,175,31.45%
Wayne,177,15.46%
Wells,179,43.56%
White,181,22.74%
Whitley,183,50.33%
Pending County Designation,,
Adair,1,13.69%
Adams,3,2.32%
Allamakee,5,14.38%
Appanoose,7,24.03%
Audubon,9,3.88%
Benton,11,24.71%
Black Hawk,13,36.56%
Boone,15,20.08%
Bremer,17,24.36%
Buchanan,19,29.18%
Buena Vista,21,7.47%
Butler,23,20.05%
Calhoun,25,8.31%
Carroll,27,11.69%
Cass,29,11.96%
Cedar,31,22.12%
Cerro Gordo,33,8.91%
Cherokee,35,11.65%
Chickasaw,37,10.40%
Clarke,39,13.76%
Clay,41,4.18%
Clayton,43,24.24%
Clinton,45,24.85%
Crawford,47,11.29%
Dallas,49,22.55%
Davis,51,19.64%
Decatur,53,15.53%
Delaware,55,24.95%
Des Moines,57,15.80%
Dickinson,59,6.65%
Dubuque,61,51.67%
Emmet,63,4.69%
Fayette,65,19.39%
Floyd,67,11.99%
Franklin,69,5.76%
Fremont,71,11.29%
Greene,73,17.90%
Grundy,75,21.18%
Guthrie,77,20.61%
Hamilton,79,13.66%
Hancock,81,3.37%
Hardin,83,13.60%
Harrison,85,14.86%
Henry,87,11.60%
Howard,89,4.67%
Humboldt,91,5.14%
Ida,93,10.79%
Iowa,95,20.05%
Jackson,97,31.23%
Jasper,99,22.35%
Jefferson,101,21.24%
Johnson,103,20.60%
Jones,105,25.04%
Keokuk,107,19.90%
Kossuth,109,3.97%
Lee,111,7.72%
Linn,113,32.85%
Louisa,115,19.94%
Lucas,117,20.84%
Lyon,119,9.20%
Madison,121,24.42%
Mahaska,123,19.93%
Marion,125,17.60%
Marshall,127,23.00%
Mills,129,17.10%
Mitchell,131,4.35%
Monona,133,20.28%
Monroe,135,22.43%
Montgomery,137,13.81%
Muscatine,139,26.87%
O'Brien,141,6.21%
Osceola,143,6.02%
Page,145,10.46%
Palo Alto,147,3.90%
Plymouth,149,16.65%
Pocahontas,151,6.32%
Polk,153,28.89%
Pottawattamie,155,30.65%
Poweshiek,157,16.54%
Ringgold,159,7.35%
Sac,161,4.26%
Scott,163,31.03%
Shelby,165,9.88%
Sioux,167,6.86%
Story,169,16.98%
Tama,171,23.64%
Taylor,173,1.16%
Union,175,12.24%
Van Buren,177,18.32%
Wapello,179,28.68%
Warren,181,26.33%
Washington,183,15.87%
Wayne,185,18.87%
Webster,187,18.51%
Winnebago,189,6.00%
Winneshiek,191,15.29%
Woodbury,193,27.93%
Worth,195,8.97%
Wright,197,6.41%
Pending County Designation,,
Allen,1,10.37%
Anderson,3,9.46%
Atchison,5,14.00%
Barber,7,3.26%
Barton,9,2.34%
Bourbon,11,21.78%
Brown,13,3.85%
Butler,15,22.29%
Chase,17,4.72%
Chautauqua,19,5.94%
Cherokee,21,18.35%
Cheyenne,23,6.99%
Clark,25,3.44%
Clay,27,4.70%
Cloud,29,4.00%
Coffey,31,7.72%
Comanche,33,3.04%
Cowley,35,12.72%
Crawford,37,15.81%
Decatur,39,5.78%
Dickinson,41,6.07%
Doniphan,43,7.02%
Douglas,45,17.54%
Edwards,47,2.33%
Elk,49,7.53%
Ellis,51,3.29%
Ellsworth,53,3.32%
Finney,55,3.45%
Ford,57,3.09%
Franklin,59,14.65%
Geary,61,9.16%
Gove,63,2.80%
Graham,65,5.19%
Grant,67,4.42%
Gray,69,2.46%
Greeley,71,
Greenwood,73,6.54%
Hamilton,75,3.36%
Harper,77,5.78%
Harvey,79,21.91%
Haskell,81,3.20%
Hodgeman,83,2.58%
Jackson,85,18.16%
Jefferson,87,18.47%
Jewell,89,3.86%
Johnson,91,31.00%
Kearny,93,2.71%
Kingman,95,5.59%
Kiowa,97,2.13%
Labette,99,13.83%
Lane,101,2.56%
Leavenworth,103,20.30%
Lincoln,105,1.65%
Linn,107,28.00%
Logan,109,4.94%
Lyon,111,9.67%
McPherson,113,9.96%
Marion,115,3.03%
Marshall,117,7.51%
Meade,119,3.59%
Miami,121,26.53%
Mitchell,123,3.40%
Montgomery,125,14.26%
Morris,127,4.10%
Morton,129,3.30%
Nemaha,131,3.61%
Neosho,133,8.14%
Ness,135,3.21%
Norton,137,4.23%
Osage,139,14.01%
Osborne,141,2.78%
Ottawa,143,2.73%
Pawnee,145,2.61%
Phillips,147,3.64%
Pottawatomie,149,11.03%
Pratt,151,2.15%
Rawlins,153,4.45%
Reno,155,11.67%
Republic,157,3.79%
Rice,159,3.50%
Riley,161,5.57%
Rooks,163,4.41%
Rush,165,3.50%
Russell,167,2.30%
Saline,169,8.46%
Scott,171,3.32%
Sedgwick,173,26.60%
Seward,175,3.20%
Shawnee,177,17.00%
Sheridan,179,
Sherman,181,2.61%
Smith,183,3.83%
Stafford,185,3.37%
Stanton,187,
Stevens,189,3.04%
Sumner,191,18.90%
Thomas,193,4.48%
Trego,195,2.05%
Wabaunsee,197,12.29%
Wallace,199,
Washington,201,3.97%
Wichita,203,
Wilson,205,8.04%
Woodson,207,8.53%
Wyandotte,209,41.19%
Pending County Designation,,
Adair,1,26.40%
Allen,3,31.65%
Anderson,5,42.83%
Ballard,7,25.77%
Barren,9,30.01%
Bath,11,39.19%
Bell,13,27.77%
Boone,15,38.62%
Bourbon,17,39.03%
Boyd,19,32.14%
Boyle,21,32.90%
Bracken,23,34.46%
Breathitt,25,35.96%
Breckinridge,27,24.66%
Bullitt,29,36.20%
Butler,31,36.64%
Caldwell,33,26.94%
Calloway,35,33.16%
Campbell,37,41.49%
Carlisle,39,29.38%
Carroll,41,34.05%
Carter,43,33.61%
Casey,45,28.02%
Christian,47,23.85%
Clark,49,40.55%
Clay,51,42.85%
Clinton,53,26.19%
Crittenden,55,27.10%
Cumberland,57,28.31%
Daviess,59,30.66%
Edmonson,61,32.33%
Elliott,63,40.93%
Estill,65,30.26%
Fayette,67,39.22%
Fleming,69,32.84%
Floyd,71,32.45%
Franklin,73,41.38%
Fulton,75,28.84%
Gallatin,77,39.18%
Garrard,79,30.41%
Grant,81,39.39%
Graves,83,33.77%
Grayson,85,27.39%
Green,87,29.99%
Greenup,89,31.74%
Hancock,91,22.11%
Hardin,93,25.64%
Harlan,95,32.91%
Harrison,97,31.42%
Hart,99,29.45%
Henderson,101,36.46%
Henry,103,40.42%
Hickman,105,25.76%
Hopkins,107,29.78%
Jackson,109,33.07%
Jefferson,111,36.82%
Jessamine,113,39.03%
Johnson,115,32.71%
Kenton,117,40.06%
Knott,119,36.78%
Knox,121,30.14%
Larue,123,29.19%
Laurel,125,31.73%
Lawrence,127,29.73%
Lee,129,29.94%
Leslie,131,42.12%
Letcher,133,34.12%
Lewis,135,32.90%
Lincoln,137,30.19%
Livingston,139,25.80%
Logan,141,28.44%
Lyon,143,27.31%
McCracken,145,28.15%
McCreary,147,28.69%
McLean,149,32.69%
Madison,151,40.43%
Magoffin,153,38.33%
Marion,155,28.55%
Marshall,157,28.14%
Martin,159,32.33%
Mason,161,32.08%
Meade,163,27.17%
Menifee,165,39.56%
Mercer,167,34.45%
Metcalfe,169,34.49%
Monroe,171,26.61%
Montgomery,173,38.81%
Morgan,175,39.25%
Muhlenberg,177,35.32%
Nelson,179,29.39%
Nicholas,181,29.74%
Ohio,183,33.65%
Oldham,185,30.60%
Owen,187,35.95%
Owsley,189,27.52%
Pendleton,191,37.42%
Perry,193,33.23%
Pike,195,34.61%
Powell,197,38.56%
Pulaski,199,33.72%
Robertson,201,30.21%
Rockcastle,203,29.23%
Rowan,205,41.46%
Russell,207,26.57%
Scott,209,40.04%
Shelby,211,34.13%
Simpson,213,29.82%
Spencer,215,33.51%
Taylor,217,26.88%
Todd,219,22.60%
Trigg,221,26.79%
Trimble,223,33.23%
Union,225,36.64%
Warren,227,31.94%
Washington,229,26.32%
Wayne,231,27.80%
Webster,233,33.96%
Whitley,235,27.49%
Wolfe,237,35.92%
Woodford,239,41.43%
Pending County Designation,,
Acadia,1,20.78%
Allen,3,17.14%
Ascension,5,54.62%
Assumption,7,38.66%
Avoyelles,9,22.09%
Beauregard,11,16.05%
Bienville,13,25.19%
Bossier,15,25.27%
Caddo,17,30.22%
Calcasieu,19,21.80%
Caldwell,21,26.41%
Cameron,23,19.09%
Catahoula,25,21.67%
Claiborne,27,22.92%
Concordia,29,19.69%
De Soto,31,25.56%
East Baton Rouge,33,47.90%
East Carroll,35,28.50%
East Feliciana,37,39.96%
Evangeline,39,18.33%
Franklin,41,24.44%
Grant,43,23.99%
Iberia,45,28.76%
Iberville,47,53.69%
Jackson,49,25.10%
Jefferson,51,58.71%
Jefferson Davis,53,15.01%
Lafayette,55,22.73%
Lafourche,57,39.49%
LaSalle,59,17.00%
Lincoln,61,23.23%
Livingston,63,52.66%
Madison,65,18.85%
Morehouse,67,31.92%
Natchitoches,69,20.69%
Orleans,71,51.60%
Ouachita,73,31.28%
Plaquemines,75,51.68%
Pointe Coupee,77,49.52%
Rapides,79,23.22%
Red River,81,25.09%
Richland,83,26.80%
Sabine,85,20.69%
St. Bernard,87,50.91%
St. Charles,89,58.28%
St. Helena,91,38.44%
St. James,93,53.44%
St. John the Baptist,95,54.73%
St. Landry,97,23.71%
St. Martin,99,26.36%
St. Mary,101,34.42%
St. Tammany,103,50.24%
Tangipahoa,105,40.90%
Tensas,107,21.33%
Terrebonne,109,30.29%
Union,111,27.56%
Vermilion,113,22.39%
Vernon,115,13.11%
Washington,117,38.06%
Webster,119,27.64%
West Baton Rouge,121,53.08%
West Carroll,123,29.32%
West Feliciana,125,36.51%
Winn,127,23.20%
Pending County Designation,,
Androscoggin,1,43.74%
Aroostook,3,24.88%
Cumberland,5,41.98%
Franklin,7,42.32%
Hancock,9,28.26%
Kennebec,11,40.09%
Knox,13,34.87%
Lincoln,15,38.48%
Oxford,17,36.70%
Penobscot,19,32.38%
Piscataquis,21,25.88%
Sagadahoc,23,37.75%
Somerset,25,29.05%
Waldo,27,34.64%
Washington,29,15.81%
York,31,34.53%
Pending County Designation,,
Allegany,1,4.55%
Anne Arundel,3,10.20%
Baltimore,5,13.30%
Calvert,9,5.68%
Caroline,11,4.11%
Carroll,13,8.68%
Cecil,15,6.31%
Charles,17,6.85%
Dorchester,19,3.51%
Frederick,21,9.08%
Garrett,23,10.41%
Harford,25,8.99%
Howard,27,10.23%
Kent,29,5.09%
Montgomery,31,12.28%
Prince George's,33,15.21%
Queen Anne's,35,5.07%
St. Mary's,37,1.86%
Somerset,39,7.15%
Talbot,41,4.89%
Washington,43,11.93%
Wicomico,45,5.85%
Worcester,47,7.30%
Baltimore City,510,17.56%
Pending County Designation,,
Barnstable,1,15.40%
Berkshire,3,8.89%
Bristol,5,20.65%
Dukes,7,3.15%
Essex,9,23.84%
Franklin,11,20.49%
Hampden,13,33.43%
Hampshire,15,20.41%
Middlesex,17,25.24%
Nantucket,19,3.65%
Norfolk,21,21.54%
Plymouth,23,19.16%
Suffolk,25,28.46%
Worcester,27,33.30%
Pending County Designation,,
Alcona,1,35.31%
Alger,3,34.80%
Allegan,5,53.85%
Alpena,7,27.91%
Antrim,9,37.52%
Arenac,11,39.13%
Baraga,13,33.46%
Barry,15,49.89%
Bay,17,41.29%
Benzie,19,38.15%
Berrien,21,36.48%
Branch,23,34.96%
Calhoun,25,32.60%
Cass,27,33.83%
Charlevoix,29,34.63%
Cheboygan,31,34.45%
Chippewa,33,38.55%
Clare,35,37.37%
Clinton,37,49.67%
Crawford,39,36.14%
Delta,41,36.06%
Dickinson,43,32.64%
Eaton,45,48.70%
Emmet,47,33.44%
Genesee,49,50.70%
Gladwin,51,40.17%
Gogebic,53,33.20%
Grand Traverse,55,42.59%
Gratiot,57,38.24%
Hillsdale,59,35.39%
Houghton,61,38.74%
Huron,63,30.79%
Ingham,65,40.38%
Ionia,67,50.32%
Iosco,69,35.72%
Iron,71,33.47%
Isabella,73,36.33%
Jackson,75,34.93%
Kalamazoo,77,47.52%
Kalkaska,79,35.54%
Kent,81,56.03%
Keweenaw,83,31.57%
Lake,85,34.46%
Lapeer,87,44.73%
Leelanau,89,42.36%
Lenawee,91,39.08%
Livingston,93,39.55%
Luce,95,45.48%
Mackinac,97,41.28%
Macomb,99,41.66%
Manistee,101,37.05%
Marquette,103,37.31%
Mason,105,39.64%
Mecosta,107,42.87%
Menominee,109,37.72%
Midland,111,41.64%
Missaukee,113,36.58%
Monroe,115,40.95%
Montcalm,117,43.73%
Montmorency,119,34.96%
Muskegon,121,53.38%
Newaygo,123,52.53%
Oakland,125,39.00%
Oceana,127,41.50%
Ogemaw,129,33.21%
Ontonagon,131,30.09%
Osceola,133,36.21%
Oscoda,135,33.74%
Otsego,137,32.64%
Ottawa,139,61.54%
Presque Isle,141,34.50%
Roscommon,143,37.71%
Saginaw,145,48.12%
St. Clair,147,40.60%
St. Joseph,149,34.56%
Sanilac,151,33.40%
Schoolcraft,153,36.80%
Shiawassee,155,43.25%
Tuscola,157,44.30%
Van Buren,159,41.67%
Washtenaw,161,34.77%
Wayne,163,45.88%
Wexford,165,36.53%
Pending County Designation,,
Aitkin,1,55.63%
Anoka,3,47.66%
Becker,5,36.49%
Beltrami,7,28.50%
Benton,9,36.02%
Big Stone,11,33.42%
Blue Earth,13,29.95%
Brown,15,30.68%
Carlton,17,53.75%
Carver,19,46.58%
Cass,21,35.26%
Chippewa,23,32.96%
Chisago,25,45.13%
Clay,27,30.72%
Clearwater,29,37.15%
Cook,31,52.81%
Cottonwood,33,30.83%
Crow Wing,35,39.38%
Dakota,37,43.98%
Dodge,39,32.62%
Douglas,41,40.12%
Faribault,43,31.61%
Fillmore,45,32.90%
Freeborn,47,42.43%
Goodhue,49,56.21%
Grant,51,33.02%
Hennepin,53,46.44%
Houston,55,35.17%
Hubbard,57,30.86%
Isanti,59,43.83%
Itasca,61,52.43%
Jackson,63,24.74%
Kanabec,65,47.15%
Kandiyohi,67,37.61%
Kittson,69,24.31%
Koochiching,71,50.27%
Lac qui Parle,73,32.70%
Lake,75,51.17%
Lake of the Woods,77,34.70%
Le Sueur,79,54.03%
Lincoln,81,27.28%
Lyon,83,24.94%
McLeod,85,61.62%
Mahnomen,87,25.88%
Marshall,89,34.53%
Martin,91,28.93%
Meeker,93,62.60%
Mille Lacs,95,52.41%
Morrison,97,40.34%
Mower,99,33.78%
Murray,101,23.50%
Nicollet,103,31.37%
Nobles,105,25.78%
Norman,107,25.35%
Olmsted,109,28.12%
Otter Tail,111,40.40%
Pennington,113,38.02%
Pine,115,51.96%
Pipestone,117,39.44%
Polk,119,26.59%
Pope,121,31.98%
Ramsey,123,43.77%
Red Lake,125,43.54%
Redwood,127,31.29%
Renville,129,30.96%
Rice,131,54.82%
Rock,133,45.30%
Roseau,135,36.25%
St. Louis,137,55.72%
Scott,139,42.77%
Sherburne,141,41.12%
Sibley,143,55.23%
Stearns,145,39.80%
Steele,147,39.42%
Stevens,149,39.17%
Swift,151,31.26%
Todd,153,42.01%
Traverse,155,45.51%
Wabasha,157,38.61%
Wadena,159,34.24%
Waseca,161,35.63%
Washington,163,45.99%
Watonwan,165,29.28%
Wilkin,167,32.63%
Winona,169,36.98%
Wright,171,45.13%
Yellow Medicine,173,41.27%
Pending County Designation,,
Adams,1,14.51%
Alcorn,3,4.29%
Amite,5,16.62%
Attala,7,23.10%
Benton,9,18.60%
Bolivar,11,18.71%
Calhoun,13,7.00%
Carroll,15,12.84%
Chickasaw,17,13.01%
Choctaw,19,10.42%
Claiborne,21,24.76%
Clarke,23,20.52%
Clay,25,8.92%
Coahoma,27,21.39%
Copiah,29,31.92%
Covington,31,25.24%
DeSoto,33,20.68%
Forrest,35,24.79%
Franklin,37,11.46%
George,39,26.49%
Greene,41,16.95%
Grenada,43,13.33%
Hancock,45,34.04%
Harrison,47,25.20%
Hinds,49,32.76%
Holmes,51,26.96%
Humphreys,53,17.57%
Issaquena,55,21.56%
Itawamba,57,5.14%
Jackson,59,27.61%
Jasper,61,25.76%
Jefferson,63,17.14%
Jefferson Davis,65,21.55%
Jones,67,23.92%
Kemper,69,21.68%
Lafayette,71,9.02%
Lamar,73,22.38%
Lauderdale,75,20.04%
Lawrence,77,17.29%
Leake,79,24.75%
Lee,81,6.53%
Leflore,83,18.33%
Lincoln,85,17.40%
Lowndes,87,9.51%
Madison,89,22.03%
Marion,91,26.03%
Marshall,93,24.42%
Monroe,95,9.25%
Montgomery,97,11.64%
Neshoba,99,14.74%
Newton,101,19.24%
Noxubee,103,7.53%
Oktibbeha,105,9.44%
Panola,107,24.13%
Pearl River,109,28.62%
Perry,111,21.50%
Pike,113,22.68%
Pontotoc,115,7.14%
Prentiss,117,5.66%
Quitman,119,22.72%
Rankin,121,21.73%
Scott,123,27.04%
Sharkey,125,22.13%
Simpson,127,23.23%
Smith,129,18.84%
Stone,131,26.42%
Sunflower,133,16.32%
Tallahatchie,135,16.66%
Tate,137,22.89%
Tippah,139,7.67%
Tishomingo,141,4.74%
Tunica,143,28.52%
Union,145,8.24%
Walthall,147,22.13%
Warren,149,20.49%
Washington,151,24.16%
Wayne,153,22.38%
Webster,155,3.42%
Wilkinson,157,19.61%
Winston,159,14.53%
Yalobusha,161,13.58%
Yazoo,163,21.33%
Pending County Designation,,
Adair,1,12.63%
Andrew,3,12.47%
Atchison,5,8.46%
Audrain,7,23.51%
Barry,9,38.32%
Barton,11,25.21%
Bates,13,27.64%
Benton,15,28.52%
Bollinger,17,16.88%
Boone,19,33.36%
Buchanan,21,18.78%
Butler,23,16.77%
Caldwell,25,23.52%
Callaway,27,34.17%
Camden,29,22.81%
Cape Girardeau,31,14.46%
Carroll,33,20.06%
Carter,35,16.23%
Cass,37,39.64%
Cedar,39,37.44%
Chariton,41,14.82%
Christian,43,42.36%
Clark,45,10.04%
Clay,47,31.28%
Clinton,49,22.94%
Cole,51,34.47%
Cooper,53,29.00%
Crawford,55,38.70%
Dade,57,41.54%
Dallas,59,47.28%
Daviess,61,19.54%
DeKalb,63,17.87%
Dent,65,17.15%
Douglas,67,41.35%
Dunklin,69,19.78%
Franklin,71,54.79%
Gasconade,73,36.20%
Gentry,75,10.12%
Greene,77,45.20%
Grundy,79,10.01%
Harrison,81,11.89%
Henry,83,30.10%
Hickory,85,36.94%
Holt,87,12.31%
Howard,89,27.72%
Howell,91,28.60%
Iron,93,20.14%
Jackson,95,41.43%
Jasper,97,30.58%
Jefferson,99,49.54%
Johnson,101,26.77%
Knox,103,9.94%
Laclede,105,47.30%
Lafayette,107,33.44%
Lawrence,109,42.67%
Lewis,111,12.09%
Lincoln,113,38.97%
Linn,115,13.84%
Livingston,117,15.79%
McDonald,119,36.01%
Macon,121,13.59%
Madison,123,22.31%
Maries,125,21.98%
Marion,127,15.05%
Mercer,129,11.28%
Miller,131,29.10%
Mississippi,133,14.62%
Moniteau,135,29.75%
Monroe,137,14.46%
Montgomery,139,25.11%
Morgan,141,22.92%
New Madrid,143,17.30%
Newton,145,28.67%
Nodaway,147,9.70%
Oregon,149,19.28%
Osage,151,30.20%
Ozark,153,35.33%
Pemiscot,155,25.29%
Perry,157,15.86%
Pettis,159,25.54%
Phelps,161,23.50%
Pike,163,24.58%
Platte,165,28.19%
Polk,167,43.47%
Pulaski,169,16.14%
Putnam,171,12.11%
Ralls,173,15.20%
Randolph,175,24.16%
Ray,177,31.10%
Reynolds,179,18.23%
Ripley,181,16.04%
St. Charles,183,44.93%
St. Clair,185,31.52%
Ste. Genevieve,186,27.86%
St. Francois,187,31.57%
St. Louis,189,42.25%
Saline,195,28.74%
Schuyler,197,13.47%
Scotland,199,7.71%
Scott,201,16.95%
Shannon,203,23.70%
Shelby,205,14.01%
Stoddard,207,22.93%
Stone,209,39.10%
Sullivan,211,12.41%
Taney,213,39.47%
Texas,215,19.42%
Vernon,217,29.89%
Warren,219,46.15%
Washington,221,37.74%
Wayne,223,18.18%
Webster,225,47.09%
Worth,227,11.11%
Wright,229,39.27%
St. Louis City,510,41.85%
Pending County Designation,,
Beaverhead,1,10.80%
Big Horn,3,11.40%
Blaine,5,
Broadwater,7,14.60%
Carbon,9,20.30%
Carter,11,4.53%
Cascade,13,25.37%
Chouteau,15,16.02%
Custer,17,6.05%
Daniels,19,2.35%
Dawson,21,4.20%
Deer Lodge,23,12.91%
Fallon,25,2.80%
Fergus,27,20.09%
Flathead,29,23.07%
Gallatin,31,17.85%
Garfield,33,4.29%
Glacier,35,0.65%
Golden Valley,37,16.48%
Granite,39,10.04%
Hill,41,0.83%
Jefferson,43,15.42%
Judith Basin,45,18.91%
Lake,47,17.96%
Lewis and Clark,49,20.09%
Liberty,51,3.47%
Lincoln,53,27.61%
McCone,55,
Madison,57,8.94%
Meagher,59,3.62%
Mineral,61,15.80%
Missoula,63,18.72%
Musselshell,65,15.77%
Park,67,2.71%
Petroleum,69,13.45%
Phillips,71,4.93%
Pondera,73,13.57%
Powder River,75,7.59%
Powell,77,9.70%
Prairie,79,6.37%
Ravalli,81,22.83%
Richland,83,0.69%
Roosevelt,85,2.21%
Rosebud,87,9.00%
Sanders,89,16.90%
Sheridan,91,5.72%
Silver Bow,93,15.25%
Stillwater,95,20.50%
Sweet Grass,97,13.31%
Teton,99,29.02%
Toole,101,1.79%
Treasure,103,18.78%
Valley,105,2.72%
Wheatland,107,12.52%
Wibaux,109,
Yellowstone,111,24.05%
Pending County Designation,,
Adams,1,10.11%
Antelope,3,1.24%
Arthur,5,
Banner,7,
Blaine,9,
Boone,11,5.54%
Box Butte,13,4.67%
Boyd,15,
Brown,17,
Buffalo,19,12.74%
Burt,21,15.74%
Butler,23,11.00%
Cass,25,20.31%
Cedar,27,14.82%
Chase,29,
Cherry,31,
Cheyenne,33,7.38%
Clay,35,3.16%
Colfax,37,6.25%
Cuming,39,7.80%
Custer,41,4.01%
Dakota,43,25.83%
Dawes,45,11.45%
Dawson,47,9.04%
Deuel,49,
Dixon,51,19.99%
Dodge,53,20.34%
Douglas,55,31.02%
Dundy,57,
Fillmore,59,4.77%
Franklin,61,4.48%
Frontier,63,2.00%
Furnas,65,3.23%
Gage,67,16.68%
Garden,69,
Garfield,71,
Gosper,73,8.58%
Grant,75,
Greeley,77,2.45%
Hall,79,14.87%
Hamilton,81,6.64%
Harlan,83,3.91%
Hayes,85,
Hitchcock,87,
Holt,89,2.22%
Hooker,91,
Howard,93,4.71%
Jefferson,95,12.66%
Johnson,97,5.48%
Kearney,99,7.88%
Keith,101,8.42%
Keya Paha,103,
Kimball,105,1.72%
Knox,107,12.97%
Lancaster,109,19.22%
Lincoln,111,14.53%
Logan,113,8.29%
Loup,115,
McPherson,117,
Madison,119,15.77%
Merrick,121,7.67%
Morrill,123,6.03%
Nance,125,4.99%
Nemaha,127,5.51%
Nuckolls,129,
Otoe,131,16.12%
Pawnee,133,3.57%
Perkins,135,3.77%
Phelps,137,1.49%
Pierce,139,2.88%
Platte,141,6.15%
Polk,143,2.97%
Red Willow,145,1.33%
Richardson,147,1.20%
Rock,149,
Saline,151,9.10%
Sarpy,153,23.07%
Saunders,155,19.38%
Scotts Bluff,157,8.22%
Seward,159,10.77%
Sheridan,161,8.89%
Sherman,163,9.69%
Sioux,165,
Stanton,167,9.94%
Thayer,169,4.65%
Thomas,171,7.21%
Thurston,173,1.98%
Valley,175,3.47%
Washington,177,24.38%
Wayne,179,9.39%
Webster,181,3.48%
Wheeler,183,
York,185,4.68%
Pending County Designation,,
Churchill,1,11.45%
Clark,3,41.39%
Douglas,5,13.61%
Elko,7,1.78%
Esmeralda,9,
Eureka,11,
Humboldt,13,1.71%
Lander,15,
Lincoln,17,2.96%
Lyon,19,20.43%
Mineral,21,11.03%
Nye,23,46.23%
Pershing,27,1.59%
Storey,29,16.91%
Washoe,31,30.32%
White Pine,33,2.08%
Carson City,510,16.70%
Pending County Designation,,
Belknap,1,19.10%
Carroll,3,16.74%
Cheshire,5,17.63%
Coos,7,14.14%
Grafton,9,16.38%
Hillsborough,11,20.70%
Merrimack,13,22.56%
Rockingham,15,18.22%
Strafford,17,18.75%
Sullivan,19,12.73%
Pending County Designation,,
Atlantic,1,26.57%
Bergen,3,24.76%
Burlington,5,30.31%
Camden,7,29.36%
Cape May,9,20.58%
Cumberland,11,32.16%
Essex,13,36.60%
Gloucester,15,28.51%
Hudson,17,36.92%
Hunterdon,19,25.35%
Mercer,21,34.23%
Middlesex,23,28.26%
Monmouth,25,22.42%
Morris,27,23.37%
Ocean,29,28.71%
Passaic,31,34.23%
Salem,33,24.39%
Somerset,35,23.98%
Sussex,37,22.68%
Union,39,33.70%
Warren,41,23.63%
Pending County Designation,,
Bernalillo,1,49.60%
Catron,3,17.38%
Chaves,5,22.76%
Cibola,6,24.00%
Colfax,7,21.56%
Curry,9,16.20%
DeBaca,11,4.04%
Dona Ana,13,38.41%
Eddy,15,7.54%
Grant,17,28.98%
Guadalupe,19,9.94%
Harding,21,7.45%
Hidalgo,23,30.81%
Lea,25,6.96%
Lincoln,27,20.76%
Los Alamos,28,8.57%
Luna,29,41.66%
McKinley,31,12.45%
Mora,33,11.91%
Otero,35,23.87%
Quay,37,10.84%
Rio Arriba,39,34.41%
Roosevelt,41,10.17%
Sandoval,43,44.41%
San Juan,45,15.69%
San Miguel,47,33.94%
Santa Fe,49,32.27%
Sierra,51,33.78%
Socorro,53,30.09%
Taos,55,28.24%
Torrance,57,43.74%
Union,59,4.17%
Valencia,61,49.95%
Pending County Designation,,
Albany,1,43.83%
Allegany,3,39.15%
Bronx,5,55.85%
Broome,7,42.95%
Cattaraugus,9,47.01%
Cayuga,11,37.47%
Chautauqua,13,47.17%
Chemung,15,43.37%
Chenango,17,39.32%
Clinton,19,25.36%
Columbia,21,31.54%
Cortland,23,32.48%
Delaware,25,32.23%
Dutchess,27,23.89%
Erie,29,60.62%
Essex,31,25.87%
Franklin,33,26.20%
Fulton,35,47.22%
Genesee,37,54.95%
Greene,39,35.63%
Hamilton,41,34.34%
Herkimer,43,39.06%
Jefferson,45,33.08%
Kings,47,42.99%
Lewis,49,34.25%
Livingston,51,58.10%
Madison,53,40.77%
Monroe,55,66.35%
Montgomery,57,42.48%
Nassau,59,23.63%
New York,61,36.89%
Niagara,63,59.18%
Oneida,65,40.68%
Onondaga,67,46.44%
Ontario,69,57.83%
Orange,71,22.99%
Orleans,73,55.11%
Oswego,75,42.81%
Otsego,77,24.94%
Putnam,79,22.44%
Queens,81,45.85%
Rensselaer,83,42.98%
Richmond,85,37.52%
Rockland,87,22.54%
St. Lawrence,89,28.88%
Saratoga,91,45.16%
Schenectady,93,47.00%
Schoharie,95,31.30%
Schuyler,97,42.04%
Seneca,99,44.52%
Steuben,101,43.55%
Suffolk,103,19.93%
Sullivan,105,19.81%
Tioga,107,40.51%
Tompkins,109,28.65%
Ulster,111,26.46%
Warren,113,42.90%
Washington,115,43.65%
Wayne,117,56.38%
Westchester,119,27.47%
Wyoming,121,53.48%
Yates,123,52.13%
Pending County Designation,,
Alamance,1,54.03%
Alexander,3,39.47%
Alleghany,5,35.88%
Anson,7,35.26%
Ashe,9,29.17%
Avery,11,28.08%
Beaufort,13,22.53%
Bertie,15,22.33%
Bladen,17,35.07%
Brunswick,19,24.72%
Buncombe,21,31.36%
Burke,23,41.93%
Cabarrus,25,40.20%
Caldwell,27,44.56%
Camden,29,15.94%
Carteret,31,17.70%
Caswell,33,48.05%
Catawba,35,37.90%
Chatham,37,38.63%
Cherokee,39,28.93%
Chowan,41,17.95%
Clay,43,24.39%
Cleveland,45,35.13%
Columbus,47,29.78%
Craven,49,14.86%
Cumberland,51,30.38%
Currituck,53,14.83%
Dare,55,12.64%
Davidson,57,55.49%
Davie,59,50.46%
Duplin,61,26.04%
Durham,63,32.86%
Edgecombe,65,26.81%
Forsyth,67,52.75%
Franklin,69,35.59%
Gaston,71,42.65%
Gates,73,20.97%
Graham,75,31.72%
Granville,77,34.90%
Greene,79,23.57%
Guilford,81,53.42%
Halifax,83,29.43%
Harnett,85,30.31%
Haywood,87,35.31%
Henderson,89,30.90%
Hertford,91,23.06%
Hoke,93,31.17%
Hyde,95,26.30%
Iredell,97,39.27%
Jackson,99,28.09%
Johnston,101,34.49%
Jones,103,21.10%
Lee,105,29.94%
Lenoir,107,22.35%
Lincoln,109,35.28%
McDowell,111,37.97%
Macon,113,24.50%
Madison,115,34.66%
Martin,117,23.22%
Mecklenburg,119,36.85%
Mitchell,121,33.31%
Montgomery,123,35.01%
Moore,125,32.13%
Nash,127,27.71%
New Hanover,129,23.84%
Northampton,131,26.12%
Onslow,133,15.86%
Orange,135,35.26%
Pamlico,137,15.70%
Pasquotank,139,21.44%
Pender,141,26.62%
Perquimans,143,18.62%
Person,145,40.92%
Pitt,147,24.09%
Polk,149,24.86%
Randolph,151,57.90%
Richmond,153,29.75%
Robeson,155,36.91%
Rockingham,157,57.10%
Rowan,159,45.31%
Rutherford,161,32.12%
Sampson,163,34.93%
Scotland,165,32.76%
Stanly,167,36.98%
Stokes,169,57.24%
Surry,171,49.12%
Swain,173,21.29%
Transylvania,175,30.93%
Tyrrell,177,22.64%
Union,179,34.84%
Vance,181,38.05%
Wake,183,35.01%
Warren,185,34.18%
Washington,187,25.31%
Watauga,189,29.52%
Wayne,191,28.80%
Wilkes,193,48.33%
Wilson,195,24.98%
Yadkin,197,56.79%
Yancey,199,34.12%
Pending County Designation,,
Adams,1,11.35%
Barnes,3,17.27%
Benson,5,4.59%
Billings,7,8.91%
Bottineau,9,
Bowman,11,9.66%
Burke,13,
Burleigh,15,24.32%
Cass,17,22.87%
Cavalier,19,9.10%
Dickey,21,13.72%
Divide,23,
Dunn,25,12.57%
Eddy,27,12.61%
Emmons,29,22.30%
Foster,31,17.20%
Golden Valley,33,
Grand Forks,35,17.94%
Grant,37,19.39%
Griggs,39,17.62%
Hettinger,41,12.39%
Kidder,43,29.34%
LaMoure,45,23.18%
Logan,47,20.95%
McHenry,49,13.62%
McIntosh,51,20.17%
McKenzie,53,1.72%
McLean,55,14.89%
Mercer,57,16.46%
Morton,59,27.65%
Mountrail,61,0.83%
Nelson,63,8.81%
Oliver,65,18.57%
Pembina,67,11.42%
Pierce,69,15.91%
Ramsey,71,7.33%
Ransom,73,11.82%
Renville,75,
Richland,77,24.74%
Rolette,79,1.87%
Sargent,81,8.12%
Sheridan,83,16.09%
Sioux,85,5.33%
Slope,87,13.02%
Stark,89,12.14%
Steele,91,15.15%
Stutsman,93,31.29%
Towner,95,4.18%
Traill,97,13.65%
Walsh,99,12.65%
Ward,101,14.99%
Wells,103,7.85%
Williams,105,8.03%
Pending County Designation,,
Adams,1,32.81%
Allen,3,33.89%
Ashland,5,39.01%
Ashtabula,7,31.30%
Athens,9,30.30%
Auglaize,11,27.25%
Belmont,13,45.32%
Brown,15,40.11%
Butler,17,42.05%
Carroll,19,48.95%
Champaign,21,41.83%
Clark,23,48.11%
Clermont,25,44.71%
Clinton,27,37.20%
Columbiana,29,45.40%
Coshocton,31,32.42%
Crawford,33,29.27%
Cuyahoga,35,45.11%
Darke,37,30.59%
Defiance,39,31.23%
Delaware,41,37.41%
Erie,43,32.80%
Fairfield,45,46.35%
Fayette,47,37.64%
Franklin,49,44.28%
Fulton,51,33.78%
Gallia,53,29.97%
Geauga,55,37.57%
Greene,57,37.23%
Guernsey,59,31.69%
Hamilton,61,43.67%
Hancock,63,29.84%
Hardin,65,27.76%
Harrison,67,36.25%
Henry,69,27.06%
Highland,71,34.21%
Hocking,73,31.08%
Holmes,75,36.04%
Huron,77,27.33%
Jackson,79,30.07%
Jefferson,81,36.58%
Knox,83,34.11%
Lake,85,42.69%
Lawrence,87,25.84%
Licking,89,42.95%
Logan,91,27.35%
Lorain,93,43.72%
Lucas,95,45.84%
Madison,97,43.97%
Mahoning,99,52.42%
Marion,101,39.03%
Medina,103,44.29%
Meigs,105,34.11%
Mercer,107,24.70%
Miami,109,40.96%
Monroe,111,41.91%
Montgomery,113,48.04%
Morgan,115,37.44%
Morrow,117,35.83%
Muskingum,119,36.81%
Noble,121,30.32%
Ottawa,123,34.69%
Paulding,125,33.17%
Perry,127,35.36%
Pickaway,129,46.55%
Pike,131,29.64%
Portage,133,48.72%
Preble,135,38.94%
Putnam,137,25.31%
Richland,139,33.64%
Ross,141,36.21%
Sandusky,143,29.93%
Scioto,145,27.51%
Seneca,147,24.50%
Shelby,149,27.22%
Stark,151,55.97%
Summit,153,52.18%
Trumbull,155,49.85%
Tuscarawas,157,46.80%
Union,159,37.95%
Van Wert,161,33.46%
Vinton,163,29.84%
Warren,165,40.89%
Washington,167,26.90%
Wayne,169,43.54%
Williams,171,29.82%
Wood,173,38.60%
Wyandot,175,24.39%
Pending County Designation,,
Adair,1,12.11%
Alfalfa,3,6.01%
Atoka,5,8.44%
Beaver,7,3.91%
Beckham,9,6.83%
Blaine,11,6.38%
Bryan,13,10.97%
Caddo,15,8.96%
Canadian,17,27.61%
Carter,19,10.96%
Cherokee,21,14.96%
Choctaw,23,7.67%
Cimarron,25,2.59%
Cleveland,27,23.10%
Coal,29,6.97%
Comanche,31,11.37%
Cotton,33,7.09%
Craig,35,14.87%
Creek,37,33.15%
Custer,39,9.86%
Delaware,41,19.42%
Dewey,43,7.83%
Ellis,45,4.16%
Garfield,47,9.33%
Garvin,49,14.55%
Grady,51,19.97%
Grant,53,6.22%
Greer,55,3.45%
Harmon,57,4.73%
Harper,59,3.99%
Haskell,61,12.87%
Hughes,63,14.40%
Jackson,65,4.97%
Jefferson,67,7.82%
Johnston,69,11.49%
Kay,71,13.61%
Kingfisher,73,12.30%
Kiowa,75,11.80%
Latimer,77,10.66%
Le Flore,79,18.63%
Lincoln,81,22.97%
Logan,83,24.68%
Love,85,10.13%
McClain,87,16.86%
McCurtain,89,6.93%
McIntosh,91,13.24%
Major,93,5.62%
Marshall,95,11.02%
Mayes,97,21.36%
Murray,99,9.24%
Muskogee,101,16.68%
Noble,103,8.93%
Nowata,105,13.83%
Okfuskee,107,13.93%
Oklahoma,109,27.53%
Okmulgee,111,22.09%
Osage,113,24.99%
Ottawa,115,17.34%
Pawnee,117,14.62%
Payne,119,10.41%
Pittsburg,121,13.91%
Pontotoc,123,9.15%
Pottawatomie,125,25.26%
Pushmataha,127,11.33%
Roger Mills,129,5.16%
Rogers,131,25.01%
Seminole,133,19.64%
Sequoyah,135,20.77%
Stephens,137,10.30%
Texas,139,3.97%
Tillman,141,5.82%
Tulsa,143,33.87%
Wagoner,145,33.33%
Washington,147,11.46%
Washita,149,6.52%
Woods,151,4.41%
Woodward,153,4.60%
Pending County Designation,,
Baker,1,5.48%
Benton,3,43.87%
Clackamas,5,56.74%
Clatsop,7,11.18%
Columbia,9,46.05%
Coos,11,13.46%
Crook,13,23.80%
Curry,15,10.95%
Deschutes,17,27.68%
Douglas,19,33.04%
Gilliam,21,5.59%
Grant,23,14.43%
Harney,25,5.97%
Hood River,27,20.96%
Jackson,29,32.16%
Jefferson,31,25.66%
Josephine,33,38.19%
Klamath,35,24.03%
Lake,37,5.38%
Lane,39,50.12%
Lincoln,41,17.33%
Linn,43,48.41%
Malheur,45,14.24%
Marion,47,53.81%
Morrow,49,6.24%
Multnomah,51,54.67%
Polk,53,53.20%
Sherman,55,13.13%
Tillamook,57,17.21%
Umatilla,59,6.21%
Union,61,9.09%
Wallowa,63,5.39%
Wasco,65,18.08%
Washington,67,53.95%
Wheeler,69,14.44%
Yamhill,71,47.43%
Pending County Designation,,
Adams,1,29.99%
Allegheny,3,60.02%
Armstrong,5,60.73%
Beaver,7,61.54%
Bedford,9,49.17%
Berks,11,35.22%
Blair,13,51.31%
Bradford,15,29.08%
Bucks,17,32.80%
Butler,19,58.18%
Cambria,21,62.82%
Cameron,23,34.67%
Carbon,25,24.29%
Centre,27,47.88%
Chester,29,23.95%
Clarion,31,38.42%
Clearfield,33,41.58%
Clinton,35,44.75%
Columbia,37,38.48%
Crawford,39,37.21%
Cumberland,41,39.69%
Dauphin,43,47.79%
Delaware,45,27.53%
Elk,47,26.17%
Erie,49,49.02%
Fayette,51,53.79%
Forest,53,42.60%
Franklin,55,27.93%
Fulton,57,26.72%
Greene,59,55.51%
Huntingdon,61,41.02%
Indiana,63,60.28%
Jefferson,65,42.52%
Juniata,67,44.92%
Lackawanna,69,28.85%
Lancaster,71,40.59%
Lawrence,73,58.30%
Lebanon,75,41.42%
Lehigh,77,34.19%
Luzerne,79,28.87%
Lycoming,81,35.59%
McKean,83,28.34%
Mercer,85,51.08%
Mifflin,87,43.39%
Monroe,89,25.19%
Montgomery,91,27.58%
Montour,93,45.28%
Northampton,95,31.28%
Northumberland,97,37.91%
Perry,99,45.61%
Philadelphia,101,43.63%
Pike,103,16.71%
Potter,105,33.13%
Schuylkill,107,30.30%
Snyder,109,42.05%
Somerset,111,56.34%
Sullivan,113,30.86%
Susquehanna,115,25.35%
Tioga,117,32.96%
Union,119,37.17%
Venango,121,47.65%
Warren,123,33.69%
Washington,125,58.63%
Wayne,127,20.70%
Westmoreland,129,61.29%
Wyoming,131,31.25%
York,133,38.02%
Pending County Designation,,
Bristol,1,42.14%
Kent,3,44.66%
Newport,5,31.98%
Providence,7,47.79%
Washington,9,36.42%
Pending County Designation,,
Abbeville,1,36.36%
Aiken,3,27.14%
Allendale,5,40.62%
Anderson,7,37.59%
Bamberg,9,36.24%
Barnwell,11,32.92%
Beaufort,13,21.38%
Berkeley,15,25.96%
Calhoun,17,34.88%
Charleston,19,22.95%
Cherokee,21,40.14%
Chester,23,33.74%
Chesterfield,25,27.50%
Clarendon,27,31.09%
Colleton,29,32.35%
Darlington,31,25.08%
Dillon,33,31.44%
Dorchester,35,24.10%
Edgefield,37,29.22%
Fairfield,39,35.28%
Florence,41,22.93%
Georgetown,43,26.75%
Greenville,45,35.47%
Greenwood,47,30.88%
Hampton,49,32.73%
Horry,51,25.38%
Jasper,53,31.00%
Kershaw,55,26.28%
Lancaster,57,25.40%
Laurens,59,36.70%
Lee,61,31.99%
Lexington,63,24.83%
McCormick,65,34.60%
Marion,67,29.74%
Marlboro,69,32.70%
Newberry,71,30.31%
Oconee,73,31.25%
Orangeburg,75,37.96%
Pickens,77,38.10%
Richland,79,25.30%
Saluda,81,29.18%
Spartanburg,83,40.80%
Sumter,85,27.06%
Union,87,42.42%
Williamsburg,89,38.70%
York,91,29.65%
Pending County Designation,,
Aurora,3,18.71%
Beadle,5,21.87%
Bennett,7,4.07%
Bon Homme,9,18.90%
Brookings,11,19.67%
Brown,13,11.27%
Brule,15,18.11%
Buffalo,17,
Butte,19,27.15%
Campbell,21,18.30%
Charles Mix,23,8.68%
Clark,25,31.44%
Clay,27,17.10%
Codington,29,36.92%
Corson,31,6.26%
Custer,33,18.23%
Davison,35,20.04%
Day,37,25.89%
Deuel,39,28.89%
Dewey,41,2.77%
Douglas,43,17.13%
Edmunds,45,8.86%
Fall River,47,14.00%
Faulk,49,11.60%
Grant,51,43.09%
Gregory,53,14.36%
Haakon,55,8.06%
Hamlin,57,28.77%
Hand,59,8.49%
Hanson,61,13.66%
Harding,63,10.68%
Hughes,65,8.28%
Hutchinson,67,23.10%
Hyde,69,5.77%
Jackson,71,8.11%
Jerauld,73,9.75%
Jones,75,10.47%
Kingsbury,77,16.07%
Lake,79,11.91%
Lawrence,81,24.41%
Lincoln,83,25.61%
Lyman,85,10.59%
McCook,87,21.24%
McPherson,89,7.40%
Marshall,91,13.55%
Meade,93,19.35%
Mellette,95,3.28%
Miner,97,10.61%
Minnehaha,99,23.25%
Moody,101,18.68%
Pennington,103,19.41%
Perkins,105,12.22%
Potter,107,8.52%
Roberts,109,21.00%
Sanborn,111,14.90%
Spink,115,13.72%
Stanley,117,9.61%
Sully,119,6.70%
Todd,121,1.12%
Tripp,123,9.08%
Turner,125,26.63%
Union,127,21.10%
Walworth,129,8.50%
Yankton,135,21.68%
Ziebach,137,
Pending County Designation,,
Anderson,1,41.59%
Bedford,3,37.27%
Benton,5,29.26%
Bledsoe,7,36.74%
Blount,9,41.66%
Bradley,11,42.74%
Campbell,13,52.77%
Cannon,15,34.44%
Carroll,17,25.50%
Carter,19,53.41%
Cheatham,21,42.49%
Chester,23,28.55%
Claiborne,25,50.89%
Clay,27,25.43%
Cocke,29,50.25%
Coffee,31,30.92%
Crockett,33,23.28%
Cumberland,35,32.55%
Davidson,37,40.74%
Decatur,39,29.03%
DeKalb,41,45.22%
Dickson,43,40.50%
Dyer,45,26.96%
Fayette,47,27.85%
Fentress,49,26.55%
Franklin,51,30.78%
Gibson,53,27.26%
Giles,55,27.90%
Grainger,57,50.57%
Greene,59,47.07%
Grundy,61,42.68%
Hamblen,63,44.83%
Hamilton,65,41.44%
Hancock,67,49.19%
Hardeman,69,33.16%
Hardin,71,25.70%
Hawkins,73,57.06%
Haywood,75,36.46%
Henderson,77,34.83%
Henry,79,25.82%
Hickman,81,40.28%
Houston,83,29.19%
Humphreys,85,27.50%
Jackson,87,30.53%
Jefferson,89,44.05%
Johnson,91,47.67%
Knox,93,42.71%
Lake,95,22.16%
Lauderdale,97,32.24%
Lawrence,99,26.81%
Lewis,101,34.68%
Lincoln,103,37.25%
Loudon,105,38.14%
McMinn,107,37.37%
McNairy,109,26.13%
Macon,111,35.78%
Madison,113,29.52%
Marion,115,42.30%
Marshall,117,37.86%
Maury,119,33.23%
Meigs,121,34.94%
Monroe,123,43.12%
Montgomery,125,25.11%
Moore,127,24.87%
Morgan,129,48.54%
Obion,131,33.33%
Overton,133,27.64%
Perry,135,34.83%
Pickett,137,23.70%
Polk,139,35.05%
Putnam,141,27.38%
Rhea,143,35.89%
Roane,145,40.41%
Robertson,147,41.83%
Rutherford,149,37.80%
Scott,151,49.24%
Sequatchie,153,35.88%
Sevier,155,42.73%
Shelby,157,32.77%
Smith,159,33.55%
Stewart,161,24.83%
Sullivan,163,56.68%
Sumner,165,42.98%
Tipton,167,26.54%
Trousdale,169,37.53%
Unicoi,171,50.25%
Union,173,52.58%
Van Buren,175,28.32%
Warren,177,32.87%
Washington,179,46.32%
Wayne,181,31.96%
Weakley,183,26.43%
White,185,32.76%
Williamson,187,30.92%
Wilson,189,38.19%
Pending County Designation,,
Anderson,1,33.72%
Andrews,3,30.44%
Angelina,5,34.29%
Aransas,7,37.75%
Archer,9,18.58%
Armstrong,11,21.37%
Atascosa,13,46.33%
Austin,15,29.04%
Bailey,17,19.13%
Bandera,19,29.09%
Bastrop,21,32.43%
Baylor,23,19.22%
Bee,25,45.01%
Bell,27,33.38%
Bexar,29,45.74%
Blanco,31,21.25%
Borden,33,14.86%
Bosque,35,35.30%
Bowie,37,25.36%
Brazoria,39,38.30%
Brazos,41,24.72%
Brewster,43,27.87%
Briscoe,45,23.97%
Brooks,47,40.24%
Brown,49,24.68%
Burleson,51,31.24%
Burnet,53,29.24%
Caldwell,55,32.59%
Calhoun,57,21.65%
Callahan,59,28.42%
Cameron,61,50.50%
Camp,63,30.78%
Carson,65,24.70%
Cass,67,30.80%
Castro,69,22.41%
Chambers,71,31.09%
Cherokee,73,35.70%
Childress,75,27.63%
Clay,77,22.18%
Cochran,79,36.99%
Coke,81,25.33%
Coleman,83,19.63%
Collin,85,29.67%
Collingsworth,87,14.55%
Colorado,89,22.89%
Comal,91,29.65%
Comanche,93,23.77%
Concho,95,27.98%
Cooke,97,28.10%
Coryell,99,28.55%
Cottle,101,26.64%
Crane,103,30.43%
Crockett,105,22.34%
Crosby,107,34.06%
Culberson,109,22.08%
Dallam,111,20.33%
Dallas,113,38.43%
Dawson,115,27.75%
Deaf Smith,117,27.18%
Delta,119,26.65%
Denton,121,31.53%
DeWitt,123,23.84%
Dickens,125,24.39%
Dimmit,127,40.29%
Donley,129,23.23%
Duval,131,38.61%
Eastland,133,27.74%
Ector,135,29.65%
Edwards,137,21.22%
Ellis,139,34.29%
El Paso,141,60.42%
Erath,143,25.97%
Falls,145,40.16%
Fannin,147,26.67%
Fayette,149,22.26%
Fisher,151,24.33%
Floyd,153,34.77%
Foard,155,18.04%
Fort Bend,157,39.46%
Franklin,159,27.36%
Freestone,161,29.56%
Frio,163,39.71%
Gaines,165,24.70%
Galveston,167,35.44%
Garza,169,32.60%
Gillespie,171,19.50%
Glasscock,173,15.09%
Goliad,175,27.88%
Gonzales,177,26.83%
Gray,179,21.15%
Grayson,181,29.95%
Gregg,183,31.96%
Grimes,185,31.23%
Guadalupe,187,30.12%
Hale,189,32.06%
Hall,191,24.46%
Hamilton,193,33.57%
Hansford,195,14.83%
Hardeman,197,21.66%
Hardin,199,40.06%
Harris,201,46.21%
Harrison,203,33.90%
Hartley,205,20.55%
Haskell,207,24.73%
Hays,209,32.09%
Hemphill,211,15.36%
Henderson,213,35.06%
Hidalgo,215,55.95%
Hill,217,34.72%
Hockley,219,35.93%
Hood,221,32.38%
Hopkins,223,24.71%
Houston,225,31.12%
Howard,227,25.43%
Hudspeth,229,36.43%
Hunt,231,26.41%
Hutchinson,233,21.03%
Irion,235,18.23%
Jack,237,22.60%
Jackson,239,24.59%
Jasper,241,32.10%
Jeff Davis,243,21.22%
Jefferson,245,42.53%
Jim Hogg,247,35.41%
Jim Wells,249,46.88%
Johnson,251,44.82%
Jones,253,28.25%
Karnes,255,28.15%
Kaufman,257,33.13%
Kendall,259,24.73%
Kenedy,261,24.07%
Kent,263,30.59%
Kerr,265,20.67%
Kimble,267,19.71%
King,269,
Kinney,271,29.65%
Kleberg,273,49.43%
Knox,275,22.26%
Lamar,277,18.29%
Lamb,279,31.54%
Lampasas,281,28.36%
La Salle,283,38.73%
Lavaca,285,20.41%
Lee,287,29.28%
Leon,289,29.74%
Liberty,291,42.05%
Limestone,293,31.02%
Lipscomb,295,18.07%
Live Oak,297,34.70%
Llano,299,28.40%
Loving,301,
Lubbock,303,37.81%
Lynn,305,30.64%
McCulloch,307,21.34%
McLennan,309,37.82%
McMullen,311,27.06%
Madison,313,32.01%
Marion,315,31.73%
Martin,317,19.05%
Mason,319,24.57%
Matagorda,321,32.85%
Maverick,323,42.87%
Medina,325,38.58%
Menard,327,24.24%
Midland,329,24.83%
Milam,331,38.54%
Mills,333,28.03%
Mitchell,335,29.73%
Montague,337,21.38%
Montgomery,339,38.65%
Moore,341,19.58%
Morris,343,34.29%
Motley,345,25.06%
Nacogdoches,347,29.17%
Navarro,349,29.87%
Newton,351,31.18%
Nolan,353,28.41%
Nueces,355,51.43%
Ochiltree,357,15.26%
Oldham,359,24.75%
Orange,361,38.84%
Palo Pinto,363,24.73%
Panola,365,32.88%
Parker,367,28.91%
Parmer,369,16.12%
Pecos,371,27.04%
Polk,373,26.07%
Potter,375,26.56%
Presidio,377,25.91%
Rains,379,28.56%
Randall,381,24.66%
Reagan,383,24.15%
Real,385,23.02%
Red River,387,24.85%
Reeves,389,22.36%
Refugio,391,28.92%
Roberts,393,21.63%
Robertson,395,29.01%
Rockwall,397,28.43%
Runnels,399,16.71%
Rusk,401,34.33%
Sabine,403,21.11%
San Augustine,405,28.40%
San Jacinto,407,42.15%
San Patricio,409,49.70%
San Saba,411,27.39%
Schleicher,413,18.59%
Scurry,415,28.20%
Shackelford,417,26.30%
Shelby,419,32.89%
Sherman,421,17.66%
Smith,423,32.01%
Somervell,425,31.33%
Starr,427,46.52%
Stephens,429,23.68%
Sterling,431,18.70%
Stonewall,433,20.87%
Sutton,435,14.44%
Swisher,437,23.14%
Tarrant,439,43.50%
Taylor,441,28.50%
Terrell,443,27.21%
Terry,445,37.89%
Throckmorton,447,19.07%
Titus,449,30.84%
Tom Green,451,31.51%
Travis,453,30.51%
Trinity,455,33.13%
Tyler,457,31.03%
Upshur,459,32.85%
Upton,461,28.66%
Uvalde,463,33.83%
Val Verde,465,35.62%
Van Zandt,467,34.65%
Victoria,469,34.30%
Walker,471,39.51%
Waller,473,36.08%
Ward,475,26.06%
Washington,477,26.17%
Webb,479,33.68%
Wharton,481,30.80%
Wheeler,483,17.63%
Wichita,485,20.16%
Wilbarger,487,27.88%
Willacy,489,48.45%
Williamson,491,31.83%
Wilson,493,37.51%
Winkler,495,24.36%
Wise,497,33.14%
Wood,499,31.08%
Yoakum,501,26.90%
Young,503,16.10%
Zapata,505,30.53%
Zavala,507,48.29%
Pending County Designation,,
Beaver,1,5.98%
Box Elder,3,38.66%
Cache,5,47.23%
Carbon,7,14.94%
Daggett,9,16.49%
Davis,11,36.18%
Duchesne,13,20.09%
Emery,15,13.66%
Garfield,17,8.50%
Grand,19,2.07%
Iron,21,23.42%
Juab,23,11.40%
Kane,25,2.78%
Millard,27,7.36%
Morgan,29,33.70%
Piute,31,6.82%
Rich,33,20.82%
Salt Lake,35,43.21%
San Juan,37,1.73%
Sanpete,39,16.12%
Sevier,41,13.56%
Summit,43,27.61%
Tooele,45,29.72%
Uintah,47,24.23%
Utah,49,42.30%
Wasatch,51,36.80%
Washington,53,29.77%
Wayne,55,6.69%
Weber,57,36.31%
Pending County Designation,,
Addison,1,17.66%
Bennington,3,12.74%
Caledonia,5,10.35%
Chittenden,7,12.53%
Essex,9,9.36%
Franklin,11,12.53%
Grand Isle,13,13.54%
Lamoille,15,10.58%
Orange,17,9.34%
Orleans,19,11.33%
Rutland,21,12.61%
Washington,23,9.01%
Windham,25,12.43%
Windsor,27,13.05%
Pending County Designation,,
Accomack,1,18.12%
Albemarle,3,11.51%
Alleghany,5,18.74%
Amelia,7,25.90%
Amherst,9,22.51%
Appomattox,11,21.17%
Arlington,13,14.55%
Augusta,15,15.58%
Bath,17,9.88%
Bedford,19,18.56%
Bland,21,25.43%
Botetourt,23,23.61%
Brunswick,25,20.41%
Buchanan,27,44.61%
Buckingham,29,17.79%
Campbell,31,20.94%
Caroline,33,20.23%
Carroll,35,17.70%
Charles City,36,24.67%
Charlotte,37,18.26%
Chesterfield,41,24.68%
Clarke,43,12.74%
Craig,45,26.55%
Culpeper,47,15.13%
Cumberland,49,22.65%
Dickenson,51,48.85%
Dinwiddie,53,22.77%
Essex,57,21.29%
Fairfax,59,18.03%
Fauquier,61,12.09%
Floyd,63,21.63%
Fluvanna,65,13.93%
Franklin,67,28.87%
Frederick,69,15.55%
Giles,71,23.56%
Gloucester,73,17.96%
Goochland,75,20.38%
Grayson,77,20.72%
Greene,79,14.13%
Greensville,81,25.65%
Halifax,83,18.16%
Hanover,85,24.21%
Henrico,87,27.27%
Henry,89,30.86%
Highland,91,11.77%
Isle of Wight,93,21.13%
James City,95,14.64%
King and Queen,97,19.20%
King George,99,11.29%
King William,101,18.06%
Lancaster,103,14.36%
Lee,105,48.32%
Loudoun,107,17.99%
Louisa,109,19.80%
Lunenburg,111,17.50%
Madison,113,16.03%
Mathews,115,16.86%
Mecklenburg,117,19.68%
Middlesex,119,15.79%
Montgomery,121,20.14%
Nelson,125,14.74%
New Kent,127,18.34%
Northampton,131,20.64%
Northumberland,133,15.23%
Nottoway,135,18.32%
Orange,137,14.00%
Page,139,15.35%
Patrick,141,24.68%
Pittsylvania,143,29.35%
Powhatan,145,20.87%
Prince Edward,147,17.83%
Prince George,149,13.87%
Prince William,153,19.30%
Pulaski,155,21.40%
Rappahannock,157,9.70%
Richmond,159,18.71%
Roanoke,161,22.84%
Rockbridge,163,17.32%
Rockingham,165,14.11%
Russell,167,40.96%
Scott,169,52.92%
Shenandoah,171,16.65%
Smyth,173,30.22%
Southampton,175,16.94%
Spotsylvania,177,15.87%
Stafford,179,12.97%
Surry,181,23.05%
Sussex,183,24.36%
Tazewell,185,35.40%
Warren,187,13.53%
Washington,191,37.31%
Westmoreland,193,14.00%
Wise,195,45.96%
Wythe,197,26.91%
York,199,13.52%
Alexandria City,510,15.93%
Bedford City,515,
Bristol City,520,43.05%
Buena Vista City,530,19.73%
Charlottesville City,540,11.88%
Chesapeake City,550,22.34%
Colonial Heights City,570,17.49%
Covington City,580,17.56%
Danville City,590,29.89%
Emporia City,595,24.54%
Fairfax City,600,15.55%
Falls Church City,610,14.19%
Franklin City,620,17.14%
Fredericksburg City,630,14.03%
Galax City,640,10.69%
Hampton City,650,26.07%
Harrisonburg City,660,12.02%
Hopewell City,670,23.95%
Lexington City,678,9.40%
Lynchburg City,680,20.07%
Manassas City,683,18.12%
Manassas Park City,685,21.81%
Martinsville City,690,26.16%
Newport News City,700,27.50%
Norfolk City,710,27.71%
Norton City,720,34.59%
Petersburg City,730,27.56%
Poquoson City,735,12.20%
Portsmouth City,740,27.60%
Radford City,750,18.78%
Richmond City,760,32.46%
Roanoke City,770,30.21%
Salem City,775,20.36%
Staunton City,790,15.57%
Suffolk City,800,23.24%
Virginia Beach City,810,19.61%
Waynesboro City,820,15.73%
Williamsburg City,830,15.25%
Winchester City,840,14.47%
Pending County Designation,,
Adams,1,13.47%
Asotin,3,13.64%
Benton,5,5.34%
Chelan,7,22.37%
Clallam,9,4.47%
Clark,11,55.34%
Columbia,13,3.98%
Cowlitz,15,48.60%
Douglas,17,20.08%
Ferry,19,1.55%
Franklin,21,6.79%
Garfield,23,1.62%
Grant,25,16.66%
Grays Harbor,27,4.80%
Island,29,24.95%
Jefferson,31,3.27%
King,33,37.93%
Kitsap,35,24.44%
Kittitas,37,7.26%
Klickitat,39,1.74%
Lewis,41,34.85%
Lincoln,43,1.24%
Mason,45,21.89%
Okanogan,47,11.43%
Pacific,49,1.97%
Pend Oreille,51,2.03%
Pierce,53,33.74%
San Juan,55,11.42%
Skagit,57,30.00%
Skamania,59,5.65%
Snohomish,61,44.47%
Spokane,63,40.68%
Stevens,65,13.18%
Thurston,67,35.40%
Wahkiakum,69,24.90%
Walla Walla,71,14.40%
Whatcom,73,36.73%
Whitman,75,2.91%
Yakima,77,23.85%
Pending County Designation,,
Barbour,1,30.82%
Berkeley,3,24.44%
Boone,5,46.83%
Braxton,7,37.49%
Brooke,9,37.85%
Cabell,11,35.72%
Calhoun,13,27.98%
Clay,15,40.56%
Doddridge,17,35.89%
Fayette,19,36.16%
Gilmer,21,34.44%
Grant,23,24.25%
Greenbrier,25,28.05%
Hampshire,27,23.04%
Hancock,29,29.93%
Hardy,31,24.21%
Harrison,33,31.83%
Jackson,35,32.99%
Jefferson,37,21.97%
Kanawha,39,39.98%
Lewis,41,36.49%
Lincoln,43,43.04%
Logan,45,39.51%
McDowell,47,36.09%
Marion,49,36.57%
Marshall,51,47.17%
Mason,53,35.76%
Mercer,55,36.26%
Mineral,57,20.11%
Mingo,59,40.12%
Monongalia,61,38.30%
Monroe,63,28.07%
Morgan,65,22.42%
Nicholas,67,40.53%
Ohio,69,39.90%
Pendleton,71,28.49%
Pleasants,73,31.01%
Pocahontas,75,28.78%
Preston,77,33.00%
Putnam,79,39.16%
Raleigh,81,33.37%
Randolph,83,29.38%
Ritchie,85,31.01%
Roane,87,33.90%
Summers,89,27.76%
Taylor,91,30.10%
Tucker,93,34.59%
Tyler,95,34.37%
Upshur,97,39.91%
Wayne,99,35.42%
Webster,101,36.66%
Wetzel,103,41.05%
Wirt,105,30.00%
Wood,107,29.83%
Wyoming,109,43.40%
Pending County Designation,,
Adams,1,28.01%
Ashland,3,28.15%
Barron,5,36.50%
Bayfield,7,31.77%
Brown,9,54.87%
Buffalo,11,16.53%
Burnett,13,31.27%
Calumet,15,59.42%
Chippewa,17,33.14%
Clark,19,43.70%
Columbia,21,29.73%
Crawford,23,33.34%
Dane,25,28.72%
Dodge,27,38.25%
Door,29,32.01%
Douglas,31,45.69%
Dunn,33,27.72%
Eau Claire,35,33.10%
Florence,37,30.54%
Fond du Lac,39,51.77%
Forest,41,35.23%
Grant,43,42.60%
Green,45,21.93%
Green Lake,47,51.09%
Iowa,49,31.46%
Iron,51,37.97%
Jackson,53,33.96%
Jefferson,55,31.17%
Juneau,57,23.82%
Kenosha,59,35.40%
Kewaunee,61,52.13%
La Crosse,63,40.02%
Lafayette,65,34.97%
Langlade,67,44.75%
Lincoln,69,43.97%
Manitowoc,71,48.93%
Marathon,73,48.62%
Marinette,75,43.50%
Marquette,77,33.22%
Menominee,78,26.57%
Milwaukee,79,50.12%
Monroe,81,28.37%
Oconto,83,56.11%
Oneida,85,34.78%
Outagamie,87,58.47%
Ozaukee,89,41.59%
Pepin,91,16.05%
Pierce,93,38.01%
Polk,95,40.12%
Portage,97,42.95%
Price,99,37.27%
Racine,101,44.66%
Richland,103,16.80%
Rock,105,37.75%
Rusk,107,36.59%
St. Croix,109,38.37%
Sauk,111,32.17%
Sawyer,113,31.21%
Shawano,115,55.75%
Sheboygan,117,47.98%
Taylor,119,43.87%
Trempealeau,121,33.81%
Vernon,123,43.64%
Vilas,125,29.23%
Walworth,127,29.03%
Washburn,129,34.92%
Washington,131,44.93%
Waukesha,133,44.41%
Waupaca,135,53.26%
Waushara,137,52.54%
Winnebago,139,56.89%
Wood,141,50.34%
Pending County Designation,,
Albany,1,6.70%
Big Horn,3,1.31%
Campbell,5,0.79%
Carbon,7,4.44%
Converse,9,0.91%
Crook,11,5.12%
Fremont,13,6.67%
Goshen,15,1.77%
Hot Springs,17,2.24%
Johnson,19,1.63%
Laramie,21,3.90%
Lincoln,23,2.11%
Natrona,25,5.68%
Niobrara,27,
Park,29,2.43%
Platte,31,3.28%
Sheridan,33,5.26%
Sublette,35,1.71%
Sweetwater,37,1.76%
Teton,39,4.39%
Uinta,41,9.61%
Washakie,43,0.56%
Weston,45,6.74%
Pending County Designation,,
Pending County Designation,,
Pending County Designation,,0.18%
Rota,100,
Tinian,120,
Adjuntas,1,64.24%
Aguada,3,77.90%
Aguadilla,5,71.14%
Aguas Buenas,7,73.98%
Aibonito,9,73.68%
Anasco,11,72.81%
Arecibo,13,74.44%
Arroyo,15,75.34%
Barceloneta,17,72.34%
Barranquitas,19,70.58%
Bayamon,21,73.15%
Cabo Rojo,23,74.00%
Caguas,25,73.53%
Camuy,27,67.79%
Canovanas,29,68.05%
Carolina,31,73.66%
Catano,33,73.33%
Cayey,35,72.89%
Ceiba,37,67.49%
Ciales,39,73.39%
Cidra,41,73.78%
Coamo,43,71.82%
Comerio,45,71.59%
Corozal,47,74.23%
Culebra,49,60.00%
Dorado,51,74.95%
Fajardo,53,72.42%
Florida,54,68.69%
Guanica,55,74.46%
Guayama,57,64.42%
Guayanilla,59,70.30%
Guaynabo,61,63.28%
Gurabo,63,75.29%
Hatillo,65,72.65%
Hormigueros,67,78.84%
Humacao,69,57.21%
Isabela,71,73.98%
Jayuya,73,68.54%
Juana Diaz,75,76.12%
Juncos,77,74.32%
Lajas,79,74.73%
Lares,81,68.31%
Las Marias,83,73.47%
Las Piedras,85,78.43%
Loiza,87,80.21%
Luquillo,89,71.06%
Manati,91,75.99%
Maricao,93,65.88%
Maunabo,95,74.29%
Mayaguez,97,75.61%
Moca,99,77.48%
Morovis,101,77.11%
Naguabo,103,73.46%
Naranjito,105,74.77%
Orocovis,107,71.64%
Patillas,109,72.62%
Penuelas,111,76.43%
Ponce,113,71.74%
Quebradillas,115,74.09%
Rincon,117,72.50%
Rio Grande,119,74.09%
Sabana Grande,121,76.63%
Salinas,123,74.64%
San German,125,73.45%
San Juan,127,60.34%
San Lorenzo,129,74.90%
San Sebastian,131,77.46%
Santa Isabel,133,71.24%
Toa Alta,135,73.21%
Toa Baja,137,70.04%
Trujillo Alto,139,71.47%
Utuado,141,69.49%
Vega Alta,143,72.53%
Vega Baja,145,75.21%
Vieques,147,67.07%
Villalba,149,68.18%
Yabucoa,151,75.05%
Yauco,153,76.84%
Pending County Designation,,
St. Croix,10,0.89%
St. John,20,7.75%
St. Thomas,30,0.74%
Pending County Designation,,
Pending County Designation,,
Pending County Designation,,
